{
    "headers": [
        "_",
        "city",
        "population",
        "area",
        "density_2020",
        "province",
        "region",
        "legal_class",
        "charter",
        "approval",
        "ratification"
    ],
    "rows": [
        {
            "city_name": "Alaminos",
            "city_link": "https://en.wikipedia.org/wiki/Alaminos,_Pangasinan",
            "population": 99397,
            "area_km2": 164.26,
            "density_km2": 605,
            "region": "I",
            "legal_class": "CC",
            "charter": "RA 09025",
            "approval": "March 5, 2001",
            "ratification": "March 28, 2001"
        },
        {
            "city_name": "Angeles City",
            "city_link": "https://en.wikipedia.org/wiki/Angeles_City",
            "population": 462928,
            "area_km2": 60.27,
            "density_km2": 6985,
            "region": "III",
            "legal_class": "HUC",
            "charter": "RA 03700",
            "approval": "June 22, 1963",
            "ratification": "January 1, 1964"
        },
        {
            "city_name": "Antipolo",
            "city_link": "https://en.wikipedia.org/wiki/Antipolo",
            "population": 887399,
            "area_km2": 306.1,
            "density_km2": 2899,
            "region": "IV-A",
            "legal_class": "CC",
            "charter": "RA 08508",
            "approval": "February 13, 1998",
            "ratification": "April 4, 1998"
        },
        {
            "city_name": "Bacolod",
            "city_link": "https://en.wikipedia.org/wiki/Bacolod",
            "population": 600783,
            "area_km2": 162.67,
            "density_km2": 3693,
            "region": "VI",
            "legal_class": "HUC",
            "charter": "CA 326",
            "approval": "June 18, 1938",
            "ratification": "October 19, 1938"
        },
        {
            "city_name": "Bacoor",
            "city_link": "https://en.wikipedia.org/wiki/Bacoor",
            "population": 664625,
            "area_km2": 46.17,
            "density_km2": 14395,
            "region": "IV-A",
            "legal_class": "CC",
            "charter": "RA 10160",
            "approval": "April 10, 2012",
            "ratification": "June 23, 2012"
        },
        {
            "city_name": "Bago",
            "city_link": "https://en.wikipedia.org/wiki/Bago,_Negros_Occidental",
            "population": 191210,
            "area_km2": 401.2,
            "density_km2": 477,
            "region": "VI",
            "legal_class": "CC",
            "charter": "RA 04382",
            "approval": "June 19, 1965",
            "ratification": "February 19, 1966"
        },
        {
            "city_name": "Baguio",
            "city_link": "https://en.wikipedia.org/wiki/Baguio",
            "population": 366358,
            "area_km2": 57.51,
            "density_km2": 6370,
            "region": "CAR",
            "legal_class": "HUC",
            "charter": "Act 1963",
            "approval": "September 1, 1909",
            "ratification": "September 1, 1909"
        },
        {
            "city_name": "Bais",
            "city_link": "https://en.wikipedia.org/wiki/Bais,_Negros_Oriental",
            "population": 84317,
            "area_km2": 319.64,
            "density_km2": 264,
            "region": "VII",
            "legal_class": "CC",
            "charter": "RA 05444",
            "approval": "September 9, 1968",
            "ratification": "September 9, 1968"
        },
        {
            "city_name": "Balanga",
            "city_link": "https://en.wikipedia.org/wiki/Balanga,_Bataan",
            "population": 104173,
            "area_km2": 111.63,
            "density_km2": 933,
            "region": "III",
            "legal_class": "CC",
            "charter": "RA 08984",
            "approval": "December 5, 2000",
            "ratification": "December 30, 2000"
        },
        {
            "city_name": "Baliwag",
            "city_link": "https://en.wikipedia.org/wiki/Baliwag",
            "population": 168470,
            "area_km2": 45.05,
            "density_km2": 3740,
            "region": "III",
            "legal_class": "CC",
            "charter": "RA 11929",
            "approval": "July 30, 2022",
            "ratification": "December 17, 2022"
        },
        {
            "city_name": "Batac",
            "city_link": "https://en.wikipedia.org/wiki/Batac",
            "population": 55484,
            "area_km2": 161.06,
            "density_km2": 344,
            "region": "I",
            "legal_class": "CC",
            "charter": "RA 09407",
            "approval": "March 24, 2007",
            "ratification": "June 23, 2007"
        },
        {
            "city_name": "Batangas City",
            "city_link": "https://en.wikipedia.org/wiki/Batangas_City",
            "population": 351437,
            "area_km2": 282.96,
            "density_km2": 1242,
            "region": "IV-A",
            "legal_class": "CC",
            "charter": "RA 05495",
            "approval": "June 21, 1969",
            "ratification": "June 21, 1969"
        },
        {
            "city_name": "Bayawan",
            "city_link": "https://en.wikipedia.org/wiki/Bayawan",
            "population": 122747,
            "area_km2": 699.08,
            "density_km2": 176,
            "region": "VII",
            "legal_class": "CC",
            "charter": "RA 08983",
            "approval": "December 5, 2000",
            "ratification": "December 23, 2000"
        },
        {
            "city_name": "Baybay",
            "city_link": "https://en.wikipedia.org/wiki/Baybay",
            "population": 111848,
            "area_km2": 459.3,
            "density_km2": 244,
            "region": "VIII",
            "legal_class": "CC",
            "charter": "RA 09389",
            "approval": "March 15, 2007",
            "ratification": "June 16, 2007"
        },
        {
            "city_name": "Bayugan",
            "city_link": "https://en.wikipedia.org/wiki/Bayugan",
            "population": 109499,
            "area_km2": 688.77,
            "density_km2": 159,
            "region": "XIII",
            "legal_class": "CC",
            "charter": "RA 09405",
            "approval": "March 23, 2007",
            "ratification": "June 20, 2007"
        },
        {
            "city_name": "Biñan",
            "city_link": "https://en.wikipedia.org/wiki/Bi%C3%B1an",
            "population": 407437,
            "area_km2": 43.5,
            "density_km2": 9366,
            "region": "IV-A",
            "legal_class": "CC",
            "charter": "RA 09740",
            "approval": "October 30, 2009",
            "ratification": "February 2, 2010"
        },
        {
            "city_name": "Bislig",
            "city_link": "https://en.wikipedia.org/wiki/Bislig",
            "population": 99290,
            "area_km2": 331.8,
            "density_km2": 299,
            "region": "XIII",
            "legal_class": "CC",
            "charter": "RA 08804",
            "approval": "August 16, 2000",
            "ratification": "September 18, 2000"
        },
        {
            "city_name": "Bogo",
            "city_link": "https://en.wikipedia.org/wiki/Bogo,_Cebu",
            "population": 88867,
            "area_km2": 103.52,
            "density_km2": 858,
            "region": "VII",
            "legal_class": "CC",
            "charter": "RA 09390",
            "approval": "March 15, 2007",
            "ratification": "June 16, 2007"
        },
        {
            "city_name": "Borongan",
            "city_link": "https://en.wikipedia.org/wiki/Borongan",
            "population": 71961,
            "area_km2": 475,
            "density_km2": 151,
            "region": "VIII",
            "legal_class": "CC",
            "charter": "RA 09394",
            "approval": "March 16, 2007",
            "ratification": "June 20, 2007"
        },
        {
            "city_name": "Butuan",
            "city_link": "https://en.wikipedia.org/wiki/Butuan",
            "population": 372910,
            "area_km2": 816.62,
            "density_km2": 457,
            "region": "XIII",
            "legal_class": "HUC",
            "charter": "RA 00523",
            "approval": "June 15, 1950",
            "ratification": "August 2, 1950"
        },
        {
            "city_name": "Cabadbaran",
            "city_link": "https://en.wikipedia.org/wiki/Cabadbaran",
            "population": 80354,
            "area_km2": 214.44,
            "density_km2": 375,
            "region": "XIII",
            "legal_class": "CC",
            "charter": "RA 09434",
            "approval": "April 12, 2007",
            "ratification": "July 28, 2007"
        },
        {
            "city_name": "Cabanatuan",
            "city_link": "https://en.wikipedia.org/wiki/Cabanatuan",
            "population": 327325,
            "area_km2": 192.29,
            "density_km2": 1702,
            "region": "III",
            "legal_class": "CC",
            "charter": "RA 00526",
            "approval": "June 16, 1950",
            "ratification": "July 24, 1950"
        },
        {
            "city_name": "Cabuyao",
            "city_link": "https://en.wikipedia.org/wiki/Cabuyao",
            "population": 355330,
            "area_km2": 43.4,
            "density_km2": 8187,
            "region": "IV-A",
            "legal_class": "CC",
            "charter": "RA 10163",
            "approval": "May 16, 2012",
            "ratification": "August 4, 2012"
        },
        {
            "city_name": "Cadiz",
            "city_link": "https://en.wikipedia.org/wiki/Cadiz,_Negros_Occidental",
            "population": 158544,
            "area_km2": 524.57,
            "density_km2": 302,
            "region": "VI",
            "legal_class": "CC",
            "charter": "RA 04894",
            "approval": "June 17, 1967",
            "ratification": "July 4, 1967"
        },
        {
            "city_name": "Cagayan de Oro",
            "city_link": "https://en.wikipedia.org/wiki/Cagayan_de_Oro",
            "population": 728402,
            "area_km2": 412.8,
            "density_km2": 1765,
            "region": "X",
            "legal_class": "HUC",
            "charter": "RA 00521",
            "approval": "June 15, 1950",
            "ratification": "June 15, 1950"
        },
        {
            "city_name": "Calaca",
            "city_link": "https://en.wikipedia.org/wiki/Calaca,_Batangas",
            "population": 87361,
            "area_km2": 114.58,
            "density_km2": 762,
            "region": "IV-A",
            "legal_class": "CC",
            "charter": "RA 11544",
            "approval": "May 26, 2021",
            "ratification": "September 3, 2022"
        },
        {
            "city_name": "Calamba",
            "city_link": "https://en.wikipedia.org/wiki/Calamba,_Laguna",
            "population": 539671,
            "area_km2": 149.5,
            "density_km2": 3610,
            "region": "IV-A",
            "legal_class": "CC",
            "charter": "RA 09024",
            "approval": "March 5, 2001",
            "ratification": "April 21, 2001"
        },
        {
            "city_name": "Calapan",
            "city_link": "https://en.wikipedia.org/wiki/Calapan",
            "population": 145786,
            "area_km2": 250.06,
            "density_km2": 583,
            "region": "Mimaropa",
            "legal_class": "CC",
            "charter": "RA 08475",
            "approval": "February 2, 1998",
            "ratification": "March 21, 1998"
        },
        {
            "city_name": "Calbayog",
            "city_link": "https://en.wikipedia.org/wiki/Calbayog",
            "population": 186960,
            "area_km2": 880.74,
            "density_km2": 212,
            "region": "VIII",
            "legal_class": "CC",
            "charter": "RA 00328",
            "approval": "July 15, 1948",
            "ratification": "October 16, 1948"
        },
        {
            "city_name": "Caloocan",
            "city_link": "https://en.wikipedia.org/wiki/Caloocan",
            "population": 1661584,
            "area_km2": 55.8,
            "density_km2": 29777,
            "region": "NCR",
            "legal_class": "HUC",
            "charter": "RA 03278",
            "approval": "June 17, 1961",
            "ratification": "February 16, 1962"
        },
        {
            "city_name": "Candon",
            "city_link": "https://en.wikipedia.org/wiki/Candon",
            "population": 61432,
            "area_km2": 103.28,
            "density_km2": 595,
            "region": "I",
            "legal_class": "CC",
            "charter": "RA 09018",
            "approval": "March 5, 2001",
            "ratification": "March 28, 2001"
        },
        {
            "city_name": "Canlaon",
            "city_link": "https://en.wikipedia.org/wiki/Canlaon",
            "population": 58822,
            "area_km2": 170.93,
            "density_km2": 344,
            "region": "VII",
            "legal_class": "CC",
            "charter": "RA 03445",
            "approval": "June 18, 1961",
            "ratification": "June 18, 1961"
        },
        {
            "city_name": "Carcar",
            "city_link": "https://en.wikipedia.org/wiki/Carcar",
            "population": 136453,
            "area_km2": 116.78,
            "density_km2": 1168,
            "region": "VII",
            "legal_class": "CC",
            "charter": "RA 09436",
            "approval": "April 15, 2007",
            "ratification": "July 1, 2007"
        },
        {
            "city_name": "Carmona",
            "city_link": "https://en.wikipedia.org/wiki/Carmona,_Cavite",
            "population": 106256,
            "area_km2": 29.68,
            "density_km2": 3580,
            "region": "IV-A",
            "legal_class": "CC",
            "charter": "RA 11938",
            "approval": "February 23, 2023",
            "ratification": "July 8, 2023"
        },
        {
            "city_name": "Catbalogan",
            "city_link": "https://en.wikipedia.org/wiki/Catbalogan",
            "population": 106440,
            "area_km2": 274.22,
            "density_km2": 388,
            "region": "VIII",
            "legal_class": "CC",
            "charter": "RA 09391",
            "approval": "March 15, 2007",
            "ratification": "June 16, 2007"
        },
        {
            "city_name": "Cauayan",
            "city_link": "https://en.wikipedia.org/wiki/Cauayan,_Isabela",
            "population": 143403,
            "area_km2": 336.4,
            "density_km2": 426,
            "region": "II",
            "legal_class": "CC",
            "charter": "RA 09017",
            "approval": "February 28, 2001",
            "ratification": "March 28, 2001"
        },
        {
            "city_name": "Cavite City",
            "city_link": "https://en.wikipedia.org/wiki/Cavite_City",
            "population": 100674,
            "area_km2": 10.89,
            "density_km2": 9245,
            "region": "IV-A",
            "legal_class": "CC",
            "charter": "CA 547",
            "approval": "May 26, 1940",
            "ratification": "May 26, 1940"
        },
        {
            "city_name": "Cebu City",
            "city_link": "https://en.wikipedia.org/wiki/Cebu_City",
            "population": 964169,
            "area_km2": 315,
            "density_km2": 3061,
            "region": "VII",
            "legal_class": "HUC",
            "charter": "CA 058",
            "approval": "October 20, 1936",
            "ratification": "February 4, 1937"
        },
        {
            "city_name": "Cotabato City",
            "city_link": "https://en.wikipedia.org/wiki/Cotabato_City",
            "population": 325079,
            "area_km2": 176,
            "density_km2": 1847,
            "region": "XII",
            "legal_class": "ICC",
            "charter": "RA 02364",
            "approval": "June 20, 1959",
            "ratification": "June 20, 1959"
        },
        {
            "city_name": "Dagupan",
            "city_link": "https://en.wikipedia.org/wiki/Dagupan",
            "population": 174302,
            "area_km2": 37.23,
            "density_km2": 4682,
            "region": "I",
            "legal_class": "ICC",
            "charter": "RA 00170",
            "approval": "June 20, 1947",
            "ratification": "June 20, 1947"
        },
        {
            "city_name": "Danao",
            "city_link": "https://en.wikipedia.org/wiki/Danao,_Cebu",
            "population": 156321,
            "area_km2": 107.3,
            "density_km2": 1457,
            "region": "VII",
            "legal_class": "CC",
            "charter": "RA 03028",
            "approval": "June 7, 1961",
            "ratification": "June 7, 1961"
        },
        {
            "city_name": "Dapitan",
            "city_link": "https://en.wikipedia.org/wiki/Dapitan",
            "population": 85202,
            "area_km2": 390.53,
            "density_km2": 218,
            "region": "IX",
            "legal_class": "CC",
            "charter": "RA 03811",
            "approval": "June 22, 1963",
            "ratification": "June 22, 1963"
        },
        {
            "city_name": "Dasmariñas",
            "city_link": "https://en.wikipedia.org/wiki/Dasmari%C3%B1as",
            "population": 703141,
            "area_km2": 90.13,
            "density_km2": 7801,
            "region": "IV-A",
            "legal_class": "CC",
            "charter": "RA 09723",
            "approval": "October 15, 2009",
            "ratification": "November 25, 2009"
        },
        {
            "city_name": "Davao City",
            "city_link": "https://en.wikipedia.org/wiki/Davao_City",
            "population": 1776949,
            "area_km2": 2443.61,
            "density_km2": 727,
            "region": "XI",
            "legal_class": "HUC",
            "charter": "CA 051",
            "approval": "October 16, 1936",
            "ratification": "March 1, 1937"
        },
        {
            "city_name": "Digos",
            "city_link": "https://en.wikipedia.org/wiki/Digos",
            "population": 188376,
            "area_km2": 287.1,
            "density_km2": 656,
            "region": "XI",
            "legal_class": "CC",
            "charter": "RA 08798",
            "approval": "June 15, 2000",
            "ratification": "September 8, 2000"
        },
        {
            "city_name": "Dipolog",
            "city_link": "https://en.wikipedia.org/wiki/Dipolog",
            "population": 138141,
            "area_km2": 241.13,
            "density_km2": 573,
            "region": "IX",
            "legal_class": "CC",
            "charter": "RA 05520",
            "approval": "June 21, 1969",
            "ratification": "January 1, 1970"
        },
        {
            "city_name": "Dumaguete",
            "city_link": "https://en.wikipedia.org/wiki/Dumaguete",
            "population": 134103,
            "area_km2": 33.62,
            "density_km2": 3989,
            "region": "VII",
            "legal_class": "CC",
            "charter": "RA 00327",
            "approval": "July 15, 1948",
            "ratification": "November 24, 1948"
        },
        {
            "city_name": "El Salvador",
            "city_link": "https://en.wikipedia.org/wiki/El_Salvador,_Misamis_Oriental",
            "population": 58771,
            "area_km2": 106.15,
            "density_km2": 554,
            "region": "X",
            "legal_class": "CC",
            "charter": "RA 09435",
            "approval": "April 12, 2007",
            "ratification": "June 27, 2007"
        },
        {
            "city_name": "Escalante",
            "city_link": "https://en.wikipedia.org/wiki/Escalante,_Negros_Occidental",
            "population": 96159,
            "area_km2": 192.76,
            "density_km2": 499,
            "region": "VI",
            "legal_class": "CC",
            "charter": "RA 09014",
            "approval": "February 28, 2001",
            "ratification": "March 31, 2001"
        },
        {
            "city_name": "Gapan",
            "city_link": "https://en.wikipedia.org/wiki/Gapan",
            "population": 122968,
            "area_km2": 164.44,
            "density_km2": 748,
            "region": "III",
            "legal_class": "CC",
            "charter": "RA 09022",
            "approval": "March 5, 2001",
            "ratification": "August 25, 2001"
        },
        {
            "city_name": "General Santos",
            "city_link": "https://en.wikipedia.org/wiki/General_Santos",
            "population": 697315,
            "area_km2": 492.86,
            "density_km2": 1415,
            "region": "XII",
            "legal_class": "HUC",
            "charter": "RA 05412",
            "approval": "June 15, 1968",
            "ratification": "June 15, 1968"
        },
        {
            "city_name": "General Trias",
            "city_link": "https://en.wikipedia.org/wiki/General_Trias",
            "population": 450583,
            "area_km2": 90.01,
            "density_km2": 5006,
            "region": "IV-A",
            "legal_class": "CC",
            "charter": "RA 10675",
            "approval": "August 19, 2015",
            "ratification": "December 12, 2015"
        },
        {
            "city_name": "Gingoog",
            "city_link": "https://en.wikipedia.org/wiki/Gingoog",
            "population": 136698,
            "area_km2": 568.44,
            "density_km2": 240,
            "region": "X",
            "legal_class": "CC",
            "charter": "RA 02668",
            "approval": "June 18, 1960",
            "ratification": "June 18, 1960"
        },
        {
            "city_name": "Guihulngan",
            "city_link": "https://en.wikipedia.org/wiki/Guihulngan",
            "population": 102656,
            "area_km2": 388.56,
            "density_km2": 264,
            "region": "VII",
            "legal_class": "CC",
            "charter": "RA 09409",
            "approval": "March 24, 2007",
            "ratification": "July 14, 2007"
        },
        {
            "city_name": "Himamaylan",
            "city_link": "https://en.wikipedia.org/wiki/Himamaylan",
            "population": 116240,
            "area_km2": 367.04,
            "density_km2": 317,
            "region": "VI",
            "legal_class": "CC",
            "charter": "RA 09028",
            "approval": "March 5, 2001",
            "ratification": "March 31, 2001"
        },
        {
            "city_name": "Ilagan",
            "city_link": "https://en.wikipedia.org/wiki/Ilagan",
            "population": 158218,
            "area_km2": 1166.26,
            "density_km2": 136,
            "region": "II",
            "legal_class": "CC",
            "charter": "RA 10169",
            "approval": "June 21, 2012",
            "ratification": "August 11, 2012"
        },
        {
            "city_name": "Iligan",
            "city_link": "https://en.wikipedia.org/wiki/Iligan",
            "population": 363115,
            "area_km2": 813.37,
            "density_km2": 446,
            "region": "X",
            "legal_class": "HUC",
            "charter": "RA 00525",
            "approval": "June 16, 1950",
            "ratification": "June 16, 1950"
        },
        {
            "city_name": "Iloilo City",
            "city_link": "https://en.wikipedia.org/wiki/Iloilo_City",
            "population": 457626,
            "area_km2": 78.34,
            "density_km2": 5842,
            "region": "VI",
            "legal_class": "HUC",
            "charter": "CA 057",
            "approval": "October 20, 1936",
            "ratification": "August 25, 1937"
        },
        {
            "city_name": "Imus",
            "city_link": "https://en.wikipedia.org/wiki/Imus",
            "population": 496794,
            "area_km2": 53.15,
            "density_km2": 9347,
            "region": "IV-A",
            "legal_class": "CC",
            "charter": "RA 10161",
            "approval": "April 10, 2012",
            "ratification": "June 30, 2012"
        },
        {
            "city_name": "Iriga",
            "city_link": "https://en.wikipedia.org/wiki/Iriga",
            "population": 114457,
            "area_km2": 137.35,
            "density_km2": 833,
            "region": "V",
            "legal_class": "CC",
            "charter": "RA 05261",
            "approval": "June 15, 1968",
            "ratification": "September 3, 1968"
        },
        {
            "city_name": "Isabela",
            "city_link": "https://en.wikipedia.org/wiki/Isabela,_Basilan",
            "population": 130379,
            "area_km2": 223.73,
            "density_km2": 583,
            "region": "IX",
            "legal_class": "CC",
            "charter": "RA 09023",
            "approval": "March 5, 2001",
            "ratification": "April 25, 2001"
        },
        {
            "city_name": "Kabankalan",
            "city_link": "https://en.wikipedia.org/wiki/Kabankalan",
            "population": 200198,
            "area_km2": 697.35,
            "density_km2": 287,
            "region": "VI",
            "legal_class": "CC",
            "charter": "RA 08297",
            "approval": "June 6, 1997",
            "ratification": "August 2, 1997"
        },
        {
            "city_name": "Kidapawan",
            "city_link": "https://en.wikipedia.org/wiki/Kidapawan",
            "population": 160791,
            "area_km2": 358.47,
            "density_km2": 449,
            "region": "XII",
            "legal_class": "CC",
            "charter": "RA 08500",
            "approval": "February 12, 1998",
            "ratification": "March 22, 1998"
        },
        {
            "city_name": "Koronadal",
            "city_link": "https://en.wikipedia.org/wiki/Koronadal",
            "population": 195398,
            "area_km2": 277,
            "density_km2": 705,
            "region": "XII",
            "legal_class": "CC",
            "charter": "RA 08803",
            "approval": "August 16, 2000",
            "ratification": "October 8, 2000"
        },
        {
            "city_name": "La Carlota",
            "city_link": "https://en.wikipedia.org/wiki/La_Carlota,_Negros_Occidental",
            "population": 66664,
            "area_km2": 137.29,
            "density_km2": 486,
            "region": "VI",
            "legal_class": "CC",
            "charter": "RA 04585",
            "approval": "June 19, 1965",
            "ratification": "January 22, 1966"
        },
        {
            "city_name": "Lamitan",
            "city_link": "https://en.wikipedia.org/wiki/Lamitan",
            "population": 100150,
            "area_km2": 354.45,
            "density_km2": 283,
            "region": "BARMM",
            "legal_class": "CC",
            "charter": "RA 09393",
            "approval": "March 15, 2007",
            "ratification": "June 18, 2007"
        },
        {
            "city_name": "Laoag",
            "city_link": "https://en.wikipedia.org/wiki/Laoag",
            "population": 111651,
            "area_km2": 116.08,
            "density_km2": 962,
            "region": "I",
            "legal_class": "CC",
            "charter": "RA 04584",
            "approval": "June 19, 1965",
            "ratification": "January 1, 1966"
        },
        {
            "city_name": "Lapu-Lapu City",
            "city_link": "https://en.wikipedia.org/wiki/Lapu-Lapu_City",
            "population": 497604,
            "area_km2": 58.1,
            "density_km2": 8565,
            "region": "VII",
            "legal_class": "HUC",
            "charter": "RA 03134",
            "approval": "June 17, 1961",
            "ratification": "December 31, 1961"
        },
        {
            "city_name": "Las Piñas",
            "city_link": "https://en.wikipedia.org/wiki/Las_Pi%C3%B1as",
            "population": 606293,
            "area_km2": 32.69,
            "density_km2": 18547,
            "region": "NCR",
            "legal_class": "HUC",
            "charter": "RA 08251",
            "approval": "February 12, 1997",
            "ratification": "March 26, 1997"
        },
        {
            "city_name": "Legazpi",
            "city_link": "https://en.wikipedia.org/wiki/Legazpi,_Albay",
            "population": 209533,
            "area_km2": 153.7,
            "density_km2": 1363,
            "region": "V",
            "legal_class": "CC",
            "charter": "RA 02234",
            "approval": "June 12, 1959",
            "ratification": "June 12, 1959"
        },
        {
            "city_name": "Ligao",
            "city_link": "https://en.wikipedia.org/wiki/Ligao",
            "population": 118096,
            "area_km2": 246.75,
            "density_km2": 479,
            "region": "V",
            "legal_class": "CC",
            "charter": "RA 09008",
            "approval": "February 21, 2001",
            "ratification": "March 24, 2001"
        },
        {
            "city_name": "Lipa",
            "city_link": "https://en.wikipedia.org/wiki/Lipa,_Batangas",
            "population": 372931,
            "area_km2": 209.4,
            "density_km2": 1781,
            "region": "IV-A",
            "legal_class": "CC",
            "charter": "RA 00162",
            "approval": "June 20, 1947",
            "ratification": "June 20, 1947"
        },
        {
            "city_name": "Lucena",
            "city_link": "https://en.wikipedia.org/wiki/Lucena",
            "population": 278924,
            "area_km2": 80.21,
            "density_km2": 3477,
            "region": "IV-A",
            "legal_class": "HUC",
            "charter": "RA 03271",
            "approval": "June 17, 1961",
            "ratification": "August 19, 1962"
        },
        {
            "city_name": "Maasin",
            "city_link": "https://en.wikipedia.org/wiki/Maasin",
            "population": 87446,
            "area_km2": 211.71,
            "density_km2": 413,
            "region": "VIII",
            "legal_class": "CC",
            "charter": "RA 08796",
            "approval": "July 11, 2000",
            "ratification": "August 10, 2000"
        },
        {
            "city_name": "Mabalacat",
            "city_link": "https://en.wikipedia.org/wiki/Mabalacat",
            "population": 293244,
            "area_km2": 83.18,
            "density_km2": 3525,
            "region": "III",
            "legal_class": "CC",
            "charter": "RA 10164",
            "approval": "May 15, 2012",
            "ratification": "July 21, 2012"
        },
        {
            "city_name": "Makati",
            "city_link": "https://en.wikipedia.org/wiki/Makati",
            "population": 629616,
            "area_km2": 21.57,
            "density_km2": 29189,
            "region": "NCR",
            "legal_class": "HUC",
            "charter": "RA 07854",
            "approval": "January 2, 1995",
            "ratification": "February 4, 1995"
        },
        {
            "city_name": "Malabon",
            "city_link": "https://en.wikipedia.org/wiki/Malabon",
            "population": 380522,
            "area_km2": 15.71,
            "density_km2": 24222,
            "region": "NCR",
            "legal_class": "HUC",
            "charter": "RA 09019",
            "approval": "March 5, 2001",
            "ratification": "April 21, 2001"
        },
        {
            "city_name": "Malaybalay",
            "city_link": "https://en.wikipedia.org/wiki/Malaybalay",
            "population": 190712,
            "area_km2": 969.19,
            "density_km2": 197,
            "region": "X",
            "legal_class": "CC",
            "charter": "RA 08490",
            "approval": "February 11, 1998",
            "ratification": "March 22, 1998"
        },
        {
            "city_name": "Malolos",
            "city_link": "https://en.wikipedia.org/wiki/Malolos",
            "population": 261189,
            "area_km2": 67.25,
            "density_km2": 3884,
            "region": "III",
            "legal_class": "CC",
            "charter": "RA 08754",
            "approval": "November 4, 1999",
            "ratification": "December 18, 1999"
        },
        {
            "city_name": "Mandaluyong",
            "city_link": "https://en.wikipedia.org/wiki/Mandaluyong",
            "population": 425758,
            "area_km2": 11.26,
            "density_km2": 37812,
            "region": "NCR",
            "legal_class": "HUC",
            "charter": "RA 07675",
            "approval": "February 9, 1994",
            "ratification": "April 10, 1994"
        },
        {
            "city_name": "Mandaue",
            "city_link": "https://en.wikipedia.org/wiki/Mandaue",
            "population": 364116,
            "area_km2": 25.18,
            "density_km2": 10442,
            "region": "VII",
            "legal_class": "HUC",
            "charter": "RA 05519",
            "approval": "June 21, 1969",
            "ratification": "August 30, 1969"
        },
        {
            "city_name": "Manila",
            "city_link": "https://en.wikipedia.org/wiki/Manila",
            "population": 1846513,
            "area_km2": 38.55,
            "density_km2": 47899,
            "region": "NCR",
            "legal_class": "HUC",
            "charter": "Act 0183",
            "approval": "July 31, 1901",
            "ratification": "July 31, 1901"
        },
        {
            "city_name": "Marawi",
            "city_link": "https://en.wikipedia.org/wiki/Marawi",
            "population": 207010,
            "area_km2": 87.55,
            "density_km2": 2364,
            "region": "BARMM",
            "legal_class": "CC",
            "charter": "CA 592",
            "approval": "August 19, 1940",
            "ratification": "September 30, 1950"
        },
        {
            "city_name": "Marikina",
            "city_link": "https://en.wikipedia.org/wiki/Marikina",
            "population": 456159,
            "area_km2": 21.52,
            "density_km2": 21197,
            "region": "NCR",
            "legal_class": "HUC",
            "charter": "RA 08223",
            "approval": "November 6, 1996",
            "ratification": "December 7, 1996"
        },
        {
            "city_name": "Masbate City",
            "city_link": "https://en.wikipedia.org/wiki/Masbate_City",
            "population": 104522,
            "area_km2": 188,
            "density_km2": 556,
            "region": "V",
            "legal_class": "CC",
            "charter": "RA 08807",
            "approval": "August 16, 2000",
            "ratification": "September 30, 2000"
        },
        {
            "city_name": "Mati",
            "city_link": "https://en.wikipedia.org/wiki/Mati,_Davao_Oriental",
            "population": 147547,
            "area_km2": 588.63,
            "density_km2": 251,
            "region": "XI",
            "legal_class": "CC",
            "charter": "RA 09408",
            "approval": "March 24, 2007",
            "ratification": "June 18, 2007"
        },
        {
            "city_name": "Meycauayan",
            "city_link": "https://en.wikipedia.org/wiki/Meycauayan",
            "population": 225673,
            "area_km2": 32.1,
            "density_km2": 7030,
            "region": "III",
            "legal_class": "CC",
            "charter": "RA 09356",
            "approval": "October 2, 2006",
            "ratification": "December 10, 2006"
        },
        {
            "city_name": "Muñoz",
            "city_link": "https://en.wikipedia.org/wiki/Mu%C3%B1oz,_Nueva_Ecija",
            "population": 84308,
            "area_km2": 163.05,
            "density_km2": 162,
            "region": "III",
            "legal_class": "CC",
            "charter": "RA 08977",
            "approval": "November 7, 2000",
            "ratification": "December 9, 2000"
        },
        {
            "city_name": "Muntinlupa",
            "city_link": "https://en.wikipedia.org/wiki/Muntinlupa",
            "population": 543445,
            "area_km2": 39.75,
            "density_km2": 13672,
            "region": "NCR",
            "legal_class": "HUC",
            "charter": "RA 07926",
            "approval": "March 1, 1995",
            "ratification": "May 8, 1995"
        },
        {
            "city_name": "Naga",
            "city_link": "https://en.wikipedia.org/wiki/Naga,_Camarines_Sur",
            "population": 209170,
            "area_km2": 84.48,
            "density_km2": 2476,
            "region": "V",
            "legal_class": "ICC",
            "charter": "RA 00305",
            "approval": "June 18, 1948",
            "ratification": "June 18, 1948"
        },
        {
            "city_name": "Naga",
            "city_link": "https://en.wikipedia.org/wiki/Naga,_Cebu",
            "population": 133184,
            "area_km2": 101.97,
            "density_km2": 1306,
            "region": "VII",
            "legal_class": "CC",
            "charter": "RA 09491",
            "approval": "July 15, 2007",
            "ratification": "September 2, 2007"
        },
        {
            "city_name": "Navotas",
            "city_link": "https://en.wikipedia.org/wiki/Navotas",
            "population": 247543,
            "area_km2": 8.94,
            "density_km2": 27689,
            "region": "NCR",
            "legal_class": "HUC",
            "charter": "RA 09387",
            "approval": "March 10, 2007",
            "ratification": "June 24, 2007"
        },
        {
            "city_name": "Olongapo",
            "city_link": "https://en.wikipedia.org/wiki/Olongapo",
            "population": 260317,
            "area_km2": 103.3,
            "density_km2": 1407,
            "region": "III",
            "legal_class": "HUC",
            "charter": "RA 04645",
            "approval": "June 1, 1966",
            "ratification": "June 1, 1966"
        },
        {
            "city_name": "Ormoc",
            "city_link": "https://en.wikipedia.org/wiki/Ormoc",
            "population": 230998,
            "area_km2": 613.6,
            "density_km2": 376,
            "region": "VIII",
            "legal_class": "ICC",
            "charter": "RA 00179",
            "approval": "June 21, 1947",
            "ratification": "October 20, 1947"
        },
        {
            "city_name": "Oroquieta",
            "city_link": "https://en.wikipedia.org/wiki/Oroquieta",
            "population": 72301,
            "area_km2": 237.88,
            "density_km2": 304,
            "region": "X",
            "legal_class": "CC",
            "charter": "RA 05518",
            "approval": "June 21, 1969",
            "ratification": "January 1, 1970"
        },
        {
            "city_name": "Ozamiz",
            "city_link": "https://en.wikipedia.org/wiki/Ozamiz",
            "population": 140334,
            "area_km2": 169.95,
            "density_km2": 826,
            "region": "X",
            "legal_class": "CC",
            "charter": "RA 00321",
            "approval": "June 19, 1948",
            "ratification": "June 19, 1948"
        },
        {
            "city_name": "Pagadian",
            "city_link": "https://en.wikipedia.org/wiki/Pagadian",
            "population": 210452,
            "area_km2": 378.8,
            "density_km2": 556,
            "region": "IX",
            "legal_class": "CC",
            "charter": "RA 05478",
            "approval": "June 21, 1969",
            "ratification": "June 21, 1969"
        },
        {
            "city_name": "Palayan",
            "city_link": "https://en.wikipedia.org/wiki/Palayan",
            "population": 45383,
            "area_km2": 101.4,
            "density_km2": 448,
            "region": "III",
            "legal_class": "CC",
            "charter": "RA 04475",
            "approval": "June 19, 1965",
            "ratification": "June 19, 1965"
        },
        {
            "city_name": "Panabo",
            "city_link": "https://en.wikipedia.org/wiki/Panabo",
            "population": 209230,
            "area_km2": 251.23,
            "density_km2": 231,
            "region": "XI",
            "legal_class": "CC",
            "charter": "RA 09015",
            "approval": "February 28, 2001",
            "ratification": "March 31, 2001"
        },
        {
            "city_name": "Parañaque",
            "city_link": "https://en.wikipedia.org/wiki/Para%C3%B1aque",
            "population": 689992,
            "area_km2": 46.57,
            "density_km2": 14816,
            "region": "NCR",
            "legal_class": "HUC",
            "charter": "RA 08507",
            "approval": "February 13, 1998",
            "ratification": "March 22, 1998"
        },
        {
            "city_name": "Pasay",
            "city_link": "https://en.wikipedia.org/wiki/Pasay",
            "population": 440656,
            "area_km2": 13.97,
            "density_km2": 31543,
            "region": "NCR",
            "legal_class": "HUC",
            "charter": "RA 00183",
            "approval": "June 21, 1947",
            "ratification": "August 16, 1947"
        },
        {
            "city_name": "Pasig",
            "city_link": "https://en.wikipedia.org/wiki/Pasig",
            "population": 803159,
            "area_km2": 48.46,
            "density_km2": 16574,
            "region": "NCR",
            "legal_class": "HUC",
            "charter": "RA 07829",
            "approval": "December 8, 1994",
            "ratification": "January 21, 1995"
        },
        {
            "city_name": "Passi",
            "city_link": "https://en.wikipedia.org/wiki/Passi,_Iloilo",
            "population": 88873,
            "area_km2": 251.39,
            "density_km2": 354,
            "region": "VI",
            "legal_class": "CC",
            "charter": "RA 08469",
            "approval": "January 30, 1998",
            "ratification": "March 14, 1998"
        },
        {
            "city_name": "Puerto Princesa",
            "city_link": "https://en.wikipedia.org/wiki/Puerto_Princesa",
            "population": 307079,
            "area_km2": 2381.02,
            "density_km2": 129,
            "region": "Mimaropa",
            "legal_class": "HUC",
            "charter": "RA 05906",
            "approval": "June 21, 1969",
            "ratification": "January 1, 1970"
        },
        {
            "city_name": "Quezon City",
            "city_link": "https://en.wikipedia.org/wiki/Quezon_City",
            "population": 2960048,
            "area_km2": 171.71,
            "density_km2": 17239,
            "region": "NCR",
            "legal_class": "HUC",
            "charter": "CA 502",
            "approval": "October 12, 1939",
            "ratification": "October 12, 1939"
        },
        {
            "city_name": "Roxas",
            "city_link": "https://en.wikipedia.org/wiki/Roxas,_Capiz",
            "population": 179292,
            "area_km2": 95.07,
            "density_km2": 1886,
            "region": "VI",
            "legal_class": "CC",
            "charter": "RA 00603",
            "approval": "April 11, 1951",
            "ratification": "May 12, 1951"
        },
        {
            "city_name": "Sagay",
            "city_link": "https://en.wikipedia.org/wiki/Sagay,_Negros_Occidental",
            "population": 148894,
            "area_km2": 330.34,
            "density_km2": 451,
            "region": "VI",
            "legal_class": "CC",
            "charter": "RA 08192",
            "approval": "June 11, 1996",
            "ratification": "August 10, 1996"
        },
        {
            "city_name": "Samal",
            "city_link": "https://en.wikipedia.org/wiki/Samal,_Davao_del_Norte",
            "population": 209230,
            "area_km2": 301.3,
            "density_km2": 694,
            "region": "XI",
            "legal_class": "CC",
            "charter": "RA 08471",
            "approval": "January 30, 1998",
            "ratification": "March 7, 1998"
        },
        {
            "city_name": "San Carlos",
            "city_link": "https://en.wikipedia.org/wiki/San_Carlos,_Negros_Occidental",
            "population": 132650,
            "area_km2": 451.5,
            "density_km2": 294,
            "region": "VI",
            "legal_class": "CC",
            "charter": "RA 02643",
            "approval": "June 18, 1960",
            "ratification": "June 18, 1960"
        },
        {
            "city_name": "San Carlos",
            "city_link": "https://en.wikipedia.org/wiki/San_Carlos,_Pangasinan",
            "population": 205424,
            "area_km2": 169.03,
            "density_km2": 1215,
            "region": "I",
            "legal_class": "CC",
            "charter": "RA 04487",
            "approval": "June 19, 1965",
            "ratification": "January 1, 1966"
        },
        {
            "city_name": "San Fernando",
            "city_link": "https://en.wikipedia.org/wiki/San_Fernando,_La_Union",
            "population": 125640,
            "area_km2": 102.72,
            "density_km2": 1223,
            "region": "I",
            "legal_class": "CC",
            "charter": "RA 08509",
            "approval": "February 13, 1998",
            "ratification": "March 20, 1998"
        },
        {
            "city_name": "San Fernando",
            "city_link": "https://en.wikipedia.org/wiki/San_Fernando,_Pampanga",
            "population": 354666,
            "area_km2": 67.74,
            "density_km2": 5236,
            "region": "III",
            "legal_class": "CC",
            "charter": "RA 08990",
            "approval": "January 26, 2001",
            "ratification": "February 3, 2001"
        },
        {
            "city_name": "San Jose",
            "city_link": "https://en.wikipedia.org/wiki/San_Jose,_Nueva_Ecija",
            "population": 150917,
            "area_km2": 185.99,
            "density_km2": 811,
            "region": "III",
            "legal_class": "CC",
            "charter": "RA 06051",
            "approval": "August 4, 1969",
            "ratification": "August 4, 1969"
        },
        {
            "city_name": "San Jose del Monte",
            "city_link": "https://en.wikipedia.org/wiki/San_Jose_del_Monte",
            "population": 651813,
            "area_km2": 105.53,
            "density_km2": 6177,
            "region": "III",
            "legal_class": "CC",
            "charter": "RA 08797",
            "approval": "July 15, 2000",
            "ratification": "September 10, 2000"
        },
        {
            "city_name": "San Juan",
            "city_link": "https://en.wikipedia.org/wiki/San_Juan,_Metro_Manila",
            "population": 126347,
            "area_km2": 5.95,
            "density_km2": 21235,
            "region": "NCR",
            "legal_class": "HUC",
            "charter": "RA 09388",
            "approval": "March 11, 2007",
            "ratification": "June 16, 2007"
        },
        {
            "city_name": "San Pablo",
            "city_link": "https://en.wikipedia.org/wiki/San_Pablo,_Laguna",
            "population": 285348,
            "area_km2": 197.56,
            "density_km2": 1444,
            "region": "IV-A",
            "legal_class": "CC",
            "charter": "CA 520",
            "approval": "May 7, 1940",
            "ratification": "March 30, 1941"
        },
        {
            "city_name": "San Pedro",
            "city_link": "https://en.wikipedia.org/wiki/San_Pedro,_Laguna",
            "population": 326001,
            "area_km2": 24.05,
            "density_km2": 13555,
            "region": "IV-A",
            "legal_class": "CC",
            "charter": "RA 10420",
            "approval": "March 27, 2013",
            "ratification": "December 28, 2013"
        },
        {
            "city_name": "Santa Rosa",
            "city_link": "https://en.wikipedia.org/wiki/Santa_Rosa,_Laguna",
            "population": 414812,
            "area_km2": 54.84,
            "density_km2": 7564,
            "region": "IV-A",
            "legal_class": "CC",
            "charter": "RA 09264",
            "approval": "March 10, 2004",
            "ratification": "July 10, 2004"
        },
        {
            "city_name": "Santo Tomas",
            "city_link": "https://en.wikipedia.org/wiki/Santo_Tomas,_Batangas",
            "population": 218500,
            "area_km2": 95.41,
            "density_km2": 2290,
            "region": "IV-A",
            "legal_class": "CC",
            "charter": "RA 11086",
            "approval": "October 5, 2018",
            "ratification": "September 7, 2019"
        },
        {
            "city_name": "Santiago",
            "city_link": "https://en.wikipedia.org/wiki/Santiago,_Isabela",
            "population": 148580,
            "area_km2": 255.5,
            "density_km2": 582,
            "region": "II",
            "legal_class": "ICC",
            "charter": "RA 07720",
            "approval": "May 5, 1994",
            "ratification": "July 3, 1994"
        },
        {
            "city_name": "Silay",
            "city_link": "https://en.wikipedia.org/wiki/Silay",
            "population": 130478,
            "area_km2": 214.8,
            "density_km2": 607,
            "region": "VI",
            "legal_class": "CC",
            "charter": "RA 01621",
            "approval": "June 12, 1957",
            "ratification": "June 12, 1957"
        },
        {
            "city_name": "Sipalay",
            "city_link": "https://en.wikipedia.org/wiki/Sipalay",
            "population": 72448,
            "area_km2": 379.78,
            "density_km2": 191,
            "region": "VI",
            "legal_class": "CC",
            "charter": "RA 09027",
            "approval": "March 5, 2001",
            "ratification": "March 31, 2001"
        },
        {
            "city_name": "Sorsogon City",
            "city_link": "https://en.wikipedia.org/wiki/Sorsogon_City",
            "population": 182237,
            "area_km2": 276.11,
            "density_km2": 660,
            "region": "V",
            "legal_class": "CC",
            "charter": "RA 08806",
            "approval": "August 16, 2000",
            "ratification": "December 16, 2000"
        },
        {
            "city_name": "Surigao City",
            "city_link": "https://en.wikipedia.org/wiki/Surigao_City",
            "population": 171107,
            "area_km2": 245.3,
            "density_km2": 698,
            "region": "XIII",
            "legal_class": "CC",
            "charter": "RA 06134",
            "approval": "August 31, 1970",
            "ratification": "August 31, 1970"
        },
        {
            "city_name": "Tabaco",
            "city_link": "https://en.wikipedia.org/wiki/Tabaco",
            "population": 140961,
            "area_km2": 117.14,
            "density_km2": 1203,
            "region": "V",
            "legal_class": "CC",
            "charter": "RA 09020",
            "approval": "March 5, 2001",
            "ratification": "March 24, 2001"
        },
        {
            "city_name": "Tabuk",
            "city_link": "https://en.wikipedia.org/wiki/Tabuk,_Kalinga",
            "population": 121033,
            "area_km2": 700.25,
            "density_km2": 173,
            "region": "CAR",
            "legal_class": "CC",
            "charter": "RA 09404",
            "approval": "March 23, 2007",
            "ratification": "June 23, 2007"
        },
        {
            "city_name": "Tacloban",
            "city_link": "https://en.wikipedia.org/wiki/Tacloban",
            "population": 251881,
            "area_km2": 201.72,
            "density_km2": 1249,
            "region": "VIII",
            "legal_class": "HUC",
            "charter": "RA 00760",
            "approval": "June 20, 1952",
            "ratification": "June 12, 1953"
        },
        {
            "city_name": "Tacurong",
            "city_link": "https://en.wikipedia.org/wiki/Tacurong",
            "population": 109319,
            "area_km2": 153.4,
            "density_km2": 713,
            "region": "XII",
            "legal_class": "CC",
            "charter": "RA 08805",
            "approval": "August 16, 2000",
            "ratification": "September 18, 2000"
        },
        {
            "city_name": "Tagaytay",
            "city_link": "https://en.wikipedia.org/wiki/Tagaytay",
            "population": 85330,
            "area_km2": 65,
            "density_km2": 1313,
            "region": "IV-A",
            "legal_class": "CC",
            "charter": "CA 338",
            "approval": "June 21, 1938",
            "ratification": "June 21, 1938"
        },
        {
            "city_name": "Tagbilaran",
            "city_link": "https://en.wikipedia.org/wiki/Tagbilaran",
            "population": 104976,
            "area_km2": 36.5,
            "density_km2": 2876,
            "region": "VII",
            "legal_class": "CC",
            "charter": "RA 04660",
            "approval": "June 18, 1966",
            "ratification": "July 1, 1966"
        },
        {
            "city_name": "Taguig",
            "city_link": "https://en.wikipedia.org/wiki/Taguig",
            "population": 886722,
            "area_km2": 45.21,
            "density_km2": 19613,
            "region": "NCR",
            "legal_class": "HUC",
            "charter": "RA 08487",
            "approval": "February 11, 1998",
            "ratification": "December 8, 2004"
        },
        {
            "city_name": "Tagum",
            "city_link": "https://en.wikipedia.org/wiki/Tagum",
            "population": 296202,
            "area_km2": 195.8,
            "density_km2": 1513,
            "region": "XI",
            "legal_class": "CC",
            "charter": "RA 08472",
            "approval": "January 30, 1998",
            "ratification": "March 7, 1998"
        },
        {
            "city_name": "Talisay",
            "city_link": "https://en.wikipedia.org/wiki/Talisay,_Cebu",
            "population": 263048,
            "area_km2": 39.87,
            "density_km2": 6598,
            "region": "VII",
            "legal_class": "CC",
            "charter": "RA 08979",
            "approval": "November 22, 2000",
            "ratification": "December 30, 2000"
        },
        {
            "city_name": "Talisay",
            "city_link": "https://en.wikipedia.org/wiki/Talisay,_Negros_Occidental",
            "population": 108909,
            "area_km2": 201.18,
            "density_km2": 541,
            "region": "VI",
            "legal_class": "CC",
            "charter": "RA 08489",
            "approval": "February 11, 1998",
            "ratification": "February 11, 1998"
        },
        {
            "city_name": "Tanauan",
            "city_link": "https://en.wikipedia.org/wiki/Tanauan,_Batangas",
            "population": 193936,
            "area_km2": 107.16,
            "density_km2": 1810,
            "region": "IV-A",
            "legal_class": "CC",
            "charter": "RA 09005",
            "approval": "February 2, 2001",
            "ratification": "March 10, 2001"
        },
        {
            "city_name": "Tandag",
            "city_link": "https://en.wikipedia.org/wiki/Tandag",
            "population": 62669,
            "area_km2": 291.73,
            "density_km2": 215,
            "region": "XIII",
            "legal_class": "CC",
            "charter": "RA 09392",
            "approval": "March 15, 2007",
            "ratification": "June 23, 2007"
        },
        {
            "city_name": "Tangub",
            "city_link": "https://en.wikipedia.org/wiki/Tangub",
            "population": 68389,
            "area_km2": 162.78,
            "density_km2": 420,
            "region": "X",
            "legal_class": "CC",
            "charter": "RA 05131",
            "approval": "June 17, 1967",
            "ratification": "February 28, 1968"
        },
        {
            "city_name": "Tanjay",
            "city_link": "https://en.wikipedia.org/wiki/Tanjay",
            "population": 82642,
            "area_km2": 267.05,
            "density_km2": 309,
            "region": "VII",
            "legal_class": "CC",
            "charter": "RA 09026",
            "approval": "March 5, 2001",
            "ratification": "March 31, 2001"
        },
        {
            "city_name": "Tarlac City",
            "city_link": "https://en.wikipedia.org/wiki/Tarlac_City",
            "population": 385398,
            "area_km2": 274.66,
            "density_km2": 1403,
            "region": "III",
            "legal_class": "CC",
            "charter": "RA 08593",
            "approval": "March 12, 1998",
            "ratification": "April 19, 1998"
        },
        {
            "city_name": "Tayabas",
            "city_link": "https://en.wikipedia.org/wiki/Tayabas",
            "population": 112658,
            "area_km2": 230.95,
            "density_km2": 488,
            "region": "IV-A",
            "legal_class": "CC",
            "charter": "RA 09398",
            "approval": "March 18, 2007",
            "ratification": "July 14, 2007"
        },
        {
            "city_name": "Toledo",
            "city_link": "https://en.wikipedia.org/wiki/Toledo,_Cebu",
            "population": 207314,
            "area_km2": 216.28,
            "density_km2": 959,
            "region": "VII",
            "legal_class": "CC",
            "charter": "RA 02688",
            "approval": "June 18, 1960",
            "ratification": "June 18, 1960"
        },
        {
            "city_name": "Trece Martires",
            "city_link": "https://en.wikipedia.org/wiki/Trece_Martires",
            "population": 210503,
            "area_km2": 39.1,
            "density_km2": 5384,
            "region": "IV-A",
            "legal_class": "CC",
            "charter": "RA 00981",
            "approval": "May 24, 1954",
            "ratification": "January 1, 1956"
        },
        {
            "city_name": "Tuguegarao",
            "city_link": "https://en.wikipedia.org/wiki/Tuguegarao",
            "population": 166334,
            "area_km2": 144.8,
            "density_km2": 1149,
            "region": "II",
            "legal_class": "CC",
            "charter": "RA 08755",
            "approval": "November 4, 1999",
            "ratification": "December 18, 1999"
        },
        {
            "city_name": "Urdaneta",
            "city_link": "https://en.wikipedia.org/wiki/Urdaneta,_Pangasinan",
            "population": 144577,
            "area_km2": 100.26,
            "density_km2": 1442,
            "region": "I",
            "legal_class": "CC",
            "charter": "RA 08480",
            "approval": "February 10, 1998",
            "ratification": "March 21, 1998"
        },
        {
            "city_name": "Valencia",
            "city_link": "https://en.wikipedia.org/wiki/Valencia,_Bukidnon",
            "population": 216546,
            "area_km2": 587.29,
            "density_km2": 369,
            "region": "X",
            "legal_class": "CC",
            "charter": "RA 08985",
            "approval": "December 5, 2000",
            "ratification": "December 30, 2000"
        },
        {
            "city_name": "Valenzuela",
            "city_link": "https://en.wikipedia.org/wiki/Valenzuela,_Metro_Manila",
            "population": 714978,
            "area_km2": 47.02,
            "density_km2": 15206,
            "region": "NCR",
            "legal_class": "HUC",
            "charter": "RA 08526",
            "approval": "February 14, 1998",
            "ratification": "December 30, 1998"
        },
        {
            "city_name": "Victorias",
            "city_link": "https://en.wikipedia.org/wiki/Victorias",
            "population": 90101,
            "area_km2": 133.92,
            "density_km2": 673,
            "region": "VI",
            "legal_class": "CC",
            "charter": "RA 08488",
            "approval": "February 11, 1998",
            "ratification": "March 21, 1998"
        },
        {
            "city_name": "Vigan",
            "city_link": "https://en.wikipedia.org/wiki/Vigan",
            "population": 53935,
            "area_km2": 25.12,
            "density_km2": 2147,
            "region": "I",
            "legal_class": "CC",
            "charter": "RA 08988",
            "approval": "December 27, 2000",
            "ratification": "January 22, 2001"
        },
        {
            "city_name": "Zamboanga City",
            "city_link": "https://en.wikipedia.org/wiki/Zamboanga_City",
            "population": 977234,
            "area_km2": 1453.27,
            "density_km2": 659,
            "region": "IX",
            "legal_class": "HUC",
            "charter": "CA 039",
            "approval": "October 12, 1936",
            "ratification": "February 26, 1937"
        }
    ]
}